,0,1,accuracy,macro avg,weighted avg
precision,0.8169014084507042,0.8507462686567164,0.8333333333333334,0.8338238385537103,0.8340690911638988
recall,0.8529411764705882,0.8142857142857143,0.8333333333333334,0.8336134453781512,0.8333333333333334
f1-score,0.8345323741007195,0.832116788321168,0.8333333333333334,0.8333245812109438,0.8333070769661644
support,68.0,70.0,0.8333333333333334,138.0,138.0
