,0,1,accuracy,macro avg,weighted avg
precision,0.9333333333333333,0.717948717948718,0.8115942028985508,0.8256410256410256,0.8396878483835005
recall,0.717948717948718,0.9333333333333333,0.8115942028985508,0.8256410256410256,0.8115942028985508
f1-score,0.8115942028985509,0.8115942028985509,0.8115942028985508,0.8115942028985509,0.8115942028985509
support,78.0,60.0,0.8115942028985508,138.0,138.0
