,0,1,accuracy,macro avg,weighted avg
precision,0.9090909090909091,0.8688524590163934,0.8913043478260869,0.8889716840536512,0.8915959307976414
recall,0.8974358974358975,0.8833333333333333,0.8913043478260869,0.8903846153846153,0.8913043478260869
f1-score,0.9032258064516129,0.8760330578512396,0.8913043478260869,0.8896294321514262,0.8914028722775377
support,78.0,60.0,0.8913043478260869,138.0,138.0
