,0,1,accuracy,macro avg,weighted avg
precision,0.8428571428571429,0.8676470588235294,0.855072463768116,0.8552521008403362,0.8554317379125563
recall,0.8676470588235294,0.8428571428571429,0.855072463768116,0.8552521008403362,0.855072463768116
f1-score,0.855072463768116,0.855072463768116,0.855072463768116,0.855072463768116,0.855072463768116
support,68.0,70.0,0.855072463768116,138.0,138.0
